user_id,event_name,event_time
1,signup,2025-01-01
1,app_open,2025-01-01
1,first_order,2025-01-04
1,repeat_order,2025-01-07
2,signup,2025-01-04
2,app_open,2025-01-05
2,first_order,2025-01-08
2,repeat_order,2025-01-15
3,signup,2025-01-02
3,app_open,2025-01-02
4,signup,2025-01-10
4,app_open,2025-01-10
5,signup,2025-01-07
6,signup,2025-01-08
7,signup,2025-01-03
7,app_open,2025-01-04
8,signup,2025-01-07
8,app_open,2025-01-07
9,signup,2025-01-01
9,app_open,2025-01-02
10,signup,2025-01-04
10,app_open,2025-01-04
11,signup,2025-01-02
12,signup,2025-01-06
13,signup,2025-01-06
13,app_open,2025-01-06
14,signup,2025-01-09
15,signup,2025-01-04
16,signup,2025-01-07
16,app_open,2025-01-08
16,first_order,2025-01-09
17,signup,2025-01-08
17,app_open,2025-01-08
17,first_order,2025-01-11
18,signup,2025-01-04
18,app_open,2025-01-04
19,signup,2025-01-01
19,app_open,2025-01-02
19,first_order,2025-01-03
19,repeat_order,2025-01-10
20,signup,2025-01-08
20,app_open,2025-01-09
21,signup,2025-01-09
21,app_open,2025-01-10
21,first_order,2025-01-13
22,signup,2025-01-07
22,app_open,2025-01-07
22,first_order,2025-01-08
23,signup,2025-01-07
23,app_open,2025-01-07
23,first_order,2025-01-08
23,repeat_order,2025-01-12
24,signup,2025-01-06
24,app_open,2025-01-06
24,first_order,2025-01-09
24,repeat_order,2025-01-12
25,signup,2025-01-04
25,app_open,2025-01-05
25,first_order,2025-01-08
25,repeat_order,2025-01-13
26,signup,2025-01-09
26,app_open,2025-01-09
27,signup,2025-01-08
27,app_open,2025-01-08
28,signup,2025-01-07
28,app_open,2025-01-08
29,signup,2025-01-06
29,app_open,2025-01-06
30,signup,2025-01-02
30,app_open,2025-01-03
30,first_order,2025-01-05
30,repeat_order,2025-01-10
31,signup,2025-01-01
31,app_open,2025-01-01
31,first_order,2025-01-03
32,signup,2025-01-08
32,app_open,2025-01-08
32,first_order,2025-01-11
32,repeat_order,2025-01-15
33,signup,2025-01-02
33,app_open,2025-01-02
33,first_order,2025-01-05
34,signup,2025-01-05
34,app_open,2025-01-06
35,signup,2025-01-02
35,app_open,2025-01-03
36,signup,2025-01-03
36,app_open,2025-01-03
37,signup,2025-01-06
38,signup,2025-01-09
38,app_open,2025-01-10
39,signup,2025-01-06
39,app_open,2025-01-06
40,signup,2025-01-08
40,app_open,2025-01-09
41,signup,2025-01-10
41,app_open,2025-01-11
41,first_order,2025-01-12
41,repeat_order,2025-01-17
42,signup,2025-01-08
42,app_open,2025-01-08
43,signup,2025-01-08
44,signup,2025-01-02
44,app_open,2025-01-02
44,first_order,2025-01-05
45,signup,2025-01-06
45,app_open,2025-01-07
46,signup,2025-01-10
46,app_open,2025-01-11
47,signup,2025-01-04
47,app_open,2025-01-05
47,first_order,2025-01-07
47,repeat_order,2025-01-13
48,signup,2025-01-07
48,app_open,2025-01-07
49,signup,2025-01-01
49,app_open,2025-01-02
49,first_order,2025-01-03
49,repeat_order,2025-01-08
50,signup,2025-01-01
50,app_open,2025-01-02
50,first_order,2025-01-03
51,signup,2025-01-05
51,app_open,2025-01-06
51,first_order,2025-01-09
52,signup,2025-01-08
52,app_open,2025-01-09
52,first_order,2025-01-12
53,signup,2025-01-10
54,signup,2025-01-02
54,app_open,2025-01-03
55,signup,2025-01-08
55,app_open,2025-01-09
56,signup,2025-01-10
56,app_open,2025-01-10
56,first_order,2025-01-12
57,signup,2025-01-01
57,app_open,2025-01-02
57,first_order,2025-01-05
58,signup,2025-01-08
58,app_open,2025-01-08
58,first_order,2025-01-09
59,signup,2025-01-08
59,app_open,2025-01-09
60,signup,2025-01-09
60,app_open,2025-01-09
61,signup,2025-01-10
61,app_open,2025-01-10
62,signup,2025-01-09
62,app_open,2025-01-09
63,signup,2025-01-01
63,app_open,2025-01-01
64,signup,2025-01-10
64,app_open,2025-01-11
64,first_order,2025-01-14
65,signup,2025-01-05
66,signup,2025-01-06
66,app_open,2025-01-06
67,signup,2025-01-06
68,signup,2025-01-10
68,app_open,2025-01-10
68,first_order,2025-01-11
68,repeat_order,2025-01-14
69,signup,2025-01-05
69,app_open,2025-01-06
70,signup,2025-01-09
70,app_open,2025-01-10
71,signup,2025-01-10
71,app_open,2025-01-11
72,signup,2025-01-05
72,app_open,2025-01-06
73,signup,2025-01-02
73,app_open,2025-01-02
73,first_order,2025-01-04
74,signup,2025-01-08
75,signup,2025-01-05
75,app_open,2025-01-05
75,first_order,2025-01-08
75,repeat_order,2025-01-14
76,signup,2025-01-04
77,signup,2025-01-01
77,app_open,2025-01-01
78,signup,2025-01-03
78,app_open,2025-01-04
79,signup,2025-01-08
79,app_open,2025-01-08
79,first_order,2025-01-10
79,repeat_order,2025-01-14
80,signup,2025-01-04
80,app_open,2025-01-04
81,signup,2025-01-02
81,app_open,2025-01-03
82,signup,2025-01-04
82,app_open,2025-01-05
83,signup,2025-01-03
83,app_open,2025-01-03
84,signup,2025-01-02
84,app_open,2025-01-03
85,signup,2025-01-02
85,app_open,2025-01-03
85,first_order,2025-01-04
86,signup,2025-01-04
86,app_open,2025-01-05
87,signup,2025-01-01
87,app_open,2025-01-02
88,signup,2025-01-09
88,app_open,2025-01-10
89,signup,2025-01-04
90,signup,2025-01-05
90,app_open,2025-01-06
91,signup,2025-01-03
91,app_open,2025-01-04
92,signup,2025-01-09
92,app_open,2025-01-10
92,first_order,2025-01-12
93,signup,2025-01-06
93,app_open,2025-01-07
94,signup,2025-01-09
94,app_open,2025-01-10
94,first_order,2025-01-13
95,signup,2025-01-05
95,app_open,2025-01-06
96,signup,2025-01-10
96,app_open,2025-01-10
97,signup,2025-01-10
97,app_open,2025-01-11
97,first_order,2025-01-12
98,signup,2025-01-02
98,app_open,2025-01-03
99,signup,2025-01-07
99,app_open,2025-01-08
99,first_order,2025-01-11
100,signup,2025-01-02
101,signup,2025-01-02
101,app_open,2025-01-02
102,signup,2025-01-07
103,signup,2025-01-08
103,app_open,2025-01-08
104,signup,2025-01-06
104,app_open,2025-01-07
105,signup,2025-01-01
105,app_open,2025-01-01
106,signup,2025-01-08
107,signup,2025-01-09
107,app_open,2025-01-10
108,signup,2025-01-10
108,app_open,2025-01-10
109,signup,2025-01-07
109,app_open,2025-01-08
109,first_order,2025-01-09
109,repeat_order,2025-01-15
110,signup,2025-01-06
110,app_open,2025-01-07
111,signup,2025-01-05
111,app_open,2025-01-06
112,signup,2025-01-01
112,app_open,2025-01-01
113,signup,2025-01-04
113,app_open,2025-01-04
113,first_order,2025-01-07
113,repeat_order,2025-01-14
114,signup,2025-01-08
115,signup,2025-01-02
115,app_open,2025-01-02
116,signup,2025-01-02
116,app_open,2025-01-02
117,signup,2025-01-05
117,app_open,2025-01-06
117,first_order,2025-01-07
118,signup,2025-01-04
118,app_open,2025-01-04
118,first_order,2025-01-05
118,repeat_order,2025-01-08
119,signup,2025-01-07
119,app_open,2025-01-07
120,signup,2025-01-07
120,app_open,2025-01-08
121,signup,2025-01-02
121,app_open,2025-01-02
122,signup,2025-01-10
122,app_open,2025-01-11
123,signup,2025-01-10
123,app_open,2025-01-10
124,signup,2025-01-04
125,signup,2025-01-09
125,app_open,2025-01-10
126,signup,2025-01-07
126,app_open,2025-01-07
127,signup,2025-01-05
127,app_open,2025-01-05
127,first_order,2025-01-06
128,signup,2025-01-04
128,app_open,2025-01-04
129,signup,2025-01-01
130,signup,2025-01-02
131,signup,2025-01-03
131,app_open,2025-01-04
132,signup,2025-01-04
132,app_open,2025-01-04
133,signup,2025-01-04
133,app_open,2025-01-04
133,first_order,2025-01-05
134,signup,2025-01-07
134,app_open,2025-01-07
134,first_order,2025-01-10
134,repeat_order,2025-01-17
135,signup,2025-01-10
135,app_open,2025-01-10
135,first_order,2025-01-13
136,signup,2025-01-09
136,app_open,2025-01-10
136,first_order,2025-01-13
137,signup,2025-01-08
138,signup,2025-01-08
139,signup,2025-01-10
139,app_open,2025-01-10
140,signup,2025-01-08
140,app_open,2025-01-09
140,first_order,2025-01-12
141,signup,2025-01-03
141,app_open,2025-01-04
142,signup,2025-01-09
142,app_open,2025-01-09
143,signup,2025-01-03
144,signup,2025-01-04
144,app_open,2025-01-04
145,signup,2025-01-01
145,app_open,2025-01-01
146,signup,2025-01-05
146,app_open,2025-01-05
146,first_order,2025-01-07
146,repeat_order,2025-01-10
147,signup,2025-01-03
148,signup,2025-01-06
148,app_open,2025-01-07
149,signup,2025-01-08
149,app_open,2025-01-08
150,signup,2025-01-10
150,app_open,2025-01-11
150,first_order,2025-01-12
151,signup,2025-01-09
151,app_open,2025-01-09
152,signup,2025-01-08
152,app_open,2025-01-08
153,signup,2025-01-02
154,signup,2025-01-09
154,app_open,2025-01-09
154,first_order,2025-01-12
155,signup,2025-01-09
155,app_open,2025-01-10
156,signup,2025-01-08
156,app_open,2025-01-08
157,signup,2025-01-02
157,app_open,2025-01-02
158,signup,2025-01-04
158,app_open,2025-01-05
159,signup,2025-01-03
159,app_open,2025-01-04
160,signup,2025-01-10
160,app_open,2025-01-10
161,signup,2025-01-03
161,app_open,2025-01-03
162,signup,2025-01-09
162,app_open,2025-01-10
162,first_order,2025-01-13
163,signup,2025-01-10
163,app_open,2025-01-10
164,signup,2025-01-07
164,app_open,2025-01-08
165,signup,2025-01-01
165,app_open,2025-01-02
166,signup,2025-01-01
167,signup,2025-01-07
167,app_open,2025-01-08
167,first_order,2025-01-11
167,repeat_order,2025-01-14
168,signup,2025-01-02
168,app_open,2025-01-02
169,signup,2025-01-08
169,app_open,2025-01-08
169,first_order,2025-01-11
170,signup,2025-01-02
170,app_open,2025-01-02
171,signup,2025-01-03
172,signup,2025-01-09
172,app_open,2025-01-09
172,first_order,2025-01-11
172,repeat_order,2025-01-16
173,signup,2025-01-04
173,app_open,2025-01-04
174,signup,2025-01-06
174,app_open,2025-01-06
175,signup,2025-01-05
175,app_open,2025-01-06
175,first_order,2025-01-09
175,repeat_order,2025-01-16
176,signup,2025-01-09
176,app_open,2025-01-09
177,signup,2025-01-06
177,app_open,2025-01-06
177,first_order,2025-01-07
178,signup,2025-01-04
178,app_open,2025-01-05
179,signup,2025-01-09
180,signup,2025-01-03
180,app_open,2025-01-03
180,first_order,2025-01-05
181,signup,2025-01-05
181,app_open,2025-01-05
182,signup,2025-01-01
182,app_open,2025-01-02
183,signup,2025-01-02
183,app_open,2025-01-03
184,signup,2025-01-04
185,signup,2025-01-05
185,app_open,2025-01-06
185,first_order,2025-01-09
186,signup,2025-01-01
186,app_open,2025-01-02
187,signup,2025-01-10
187,app_open,2025-01-10
187,first_order,2025-01-11
188,signup,2025-01-05
189,signup,2025-01-03
189,app_open,2025-01-03
190,signup,2025-01-05
191,signup,2025-01-04
191,app_open,2025-01-05
191,first_order,2025-01-06
192,signup,2025-01-09
192,app_open,2025-01-09
192,first_order,2025-01-10
193,signup,2025-01-01
193,app_open,2025-01-02
194,signup,2025-01-09
194,app_open,2025-01-10
195,signup,2025-01-05
195,app_open,2025-01-05
196,signup,2025-01-06
196,app_open,2025-01-07
197,signup,2025-01-06
197,app_open,2025-01-06
197,first_order,2025-01-08
198,signup,2025-01-08
198,app_open,2025-01-08
199,signup,2025-01-03
199,app_open,2025-01-03
200,signup,2025-01-05
200,app_open,2025-01-06
200,first_order,2025-01-07
200,repeat_order,2025-01-13
201,signup,2025-01-09
201,app_open,2025-01-10
202,signup,2025-01-10
203,signup,2025-01-08
203,app_open,2025-01-08
204,signup,2025-01-09
205,signup,2025-01-05
206,signup,2025-01-01
206,app_open,2025-01-01
207,signup,2025-01-10
207,app_open,2025-01-10
208,signup,2025-01-10
208,app_open,2025-01-11
209,signup,2025-01-02
209,app_open,2025-01-02
210,signup,2025-01-05
210,app_open,2025-01-06
211,signup,2025-01-01
211,app_open,2025-01-01
212,signup,2025-01-03
212,app_open,2025-01-03
213,signup,2025-01-06
213,app_open,2025-01-07
213,first_order,2025-01-10
214,signup,2025-01-01
214,app_open,2025-01-01
215,signup,2025-01-01
215,app_open,2025-01-01
215,first_order,2025-01-04
215,repeat_order,2025-01-09
216,signup,2025-01-04
216,app_open,2025-01-04
217,signup,2025-01-02
217,app_open,2025-01-02
217,first_order,2025-01-05
217,repeat_order,2025-01-12
218,signup,2025-01-05
218,app_open,2025-01-06
219,signup,2025-01-07
219,app_open,2025-01-08
219,first_order,2025-01-09
220,signup,2025-01-10
221,signup,2025-01-10
222,signup,2025-01-07
223,signup,2025-01-01
223,app_open,2025-01-01
223,first_order,2025-01-02
224,signup,2025-01-03
224,app_open,2025-01-04
225,signup,2025-01-05
225,app_open,2025-01-06
225,first_order,2025-01-07
226,signup,2025-01-06
226,app_open,2025-01-07
226,first_order,2025-01-08
226,repeat_order,2025-01-11
227,signup,2025-01-08
227,app_open,2025-01-08
228,signup,2025-01-03
228,app_open,2025-01-04
229,signup,2025-01-02
229,app_open,2025-01-02
230,signup,2025-01-07
230,app_open,2025-01-08
230,first_order,2025-01-11
231,signup,2025-01-02
231,app_open,2025-01-03
231,first_order,2025-01-04
231,repeat_order,2025-01-07
232,signup,2025-01-09
232,app_open,2025-01-10
233,signup,2025-01-04
233,app_open,2025-01-05
234,signup,2025-01-09
234,app_open,2025-01-10
234,first_order,2025-01-11
235,signup,2025-01-07
235,app_open,2025-01-08
236,signup,2025-01-05
236,app_open,2025-01-05
237,signup,2025-01-08
237,app_open,2025-01-08
238,signup,2025-01-07
239,signup,2025-01-10
239,app_open,2025-01-11
239,first_order,2025-01-12
239,repeat_order,2025-01-17
240,signup,2025-01-01
240,app_open,2025-01-01
240,first_order,2025-01-03
241,signup,2025-01-06
241,app_open,2025-01-07
242,signup,2025-01-01
242,app_open,2025-01-02
243,signup,2025-01-05
244,signup,2025-01-07
244,app_open,2025-01-07
244,first_order,2025-01-08
244,repeat_order,2025-01-12
245,signup,2025-01-07
245,app_open,2025-01-08
245,first_order,2025-01-11
246,signup,2025-01-05
246,app_open,2025-01-05
247,signup,2025-01-05
247,app_open,2025-01-05
248,signup,2025-01-06
248,app_open,2025-01-07
248,first_order,2025-01-10
249,signup,2025-01-01
250,signup,2025-01-04
251,signup,2025-01-09
252,signup,2025-01-08
252,app_open,2025-01-08
253,signup,2025-01-08
253,app_open,2025-01-08
254,signup,2025-01-10
254,app_open,2025-01-11
255,signup,2025-01-04
255,app_open,2025-01-04
255,first_order,2025-01-06
256,signup,2025-01-02
257,signup,2025-01-05
257,app_open,2025-01-06
258,signup,2025-01-06
259,signup,2025-01-01
260,signup,2025-01-10
260,app_open,2025-01-11
261,signup,2025-01-08
261,app_open,2025-01-08
262,signup,2025-01-08
263,signup,2025-01-07
263,app_open,2025-01-07
263,first_order,2025-01-10
263,repeat_order,2025-01-13
264,signup,2025-01-01
265,signup,2025-01-07
265,app_open,2025-01-08
265,first_order,2025-01-10
266,signup,2025-01-01
266,app_open,2025-01-02
267,signup,2025-01-09
267,app_open,2025-01-10
268,signup,2025-01-02
268,app_open,2025-01-02
268,first_order,2025-01-04
268,repeat_order,2025-01-10
269,signup,2025-01-03
269,app_open,2025-01-04
269,first_order,2025-01-05
270,signup,2025-01-02
270,app_open,2025-01-02
270,first_order,2025-01-04
271,signup,2025-01-03
272,signup,2025-01-08
272,app_open,2025-01-08
272,first_order,2025-01-10
273,signup,2025-01-06
273,app_open,2025-01-06
274,signup,2025-01-10
274,app_open,2025-01-11
275,signup,2025-01-02
275,app_open,2025-01-02
275,first_order,2025-01-04
275,repeat_order,2025-01-08
276,signup,2025-01-09
277,signup,2025-01-03
277,app_open,2025-01-04
277,first_order,2025-01-05
277,repeat_order,2025-01-10
278,signup,2025-01-07
278,app_open,2025-01-08
278,first_order,2025-01-10
279,signup,2025-01-05
279,app_open,2025-01-05
280,signup,2025-01-10
281,signup,2025-01-07
282,signup,2025-01-05
282,app_open,2025-01-06
283,signup,2025-01-10
283,app_open,2025-01-10
284,signup,2025-01-02
284,app_open,2025-01-03
284,first_order,2025-01-06
285,signup,2025-01-08
285,app_open,2025-01-08
285,first_order,2025-01-11
286,signup,2025-01-06
286,app_open,2025-01-07
287,signup,2025-01-08
287,app_open,2025-01-08
287,first_order,2025-01-10
287,repeat_order,2025-01-16
288,signup,2025-01-03
288,app_open,2025-01-03
289,signup,2025-01-06
289,app_open,2025-01-07
290,signup,2025-01-03
291,signup,2025-01-05
292,signup,2025-01-01
292,app_open,2025-01-01
292,first_order,2025-01-03
293,signup,2025-01-02
293,app_open,2025-01-02
293,first_order,2025-01-05
293,repeat_order,2025-01-11
294,signup,2025-01-03
294,app_open,2025-01-03
295,signup,2025-01-01
295,app_open,2025-01-01
296,signup,2025-01-10
296,app_open,2025-01-11
296,first_order,2025-01-12
297,signup,2025-01-02
297,app_open,2025-01-03
297,first_order,2025-01-04
297,repeat_order,2025-01-09
298,signup,2025-01-02
298,app_open,2025-01-03
298,first_order,2025-01-05
298,repeat_order,2025-01-11
299,signup,2025-01-06
300,signup,2025-01-04
300,app_open,2025-01-05
301,signup,2025-01-09
302,signup,2025-01-04
303,signup,2025-01-08
304,signup,2025-01-06
304,app_open,2025-01-06
305,signup,2025-01-05
305,app_open,2025-01-05
305,first_order,2025-01-07
305,repeat_order,2025-01-14
306,signup,2025-01-04
306,app_open,2025-01-04
307,signup,2025-01-10
307,app_open,2025-01-10
308,signup,2025-01-09
308,app_open,2025-01-10
308,first_order,2025-01-11
309,signup,2025-01-06
309,app_open,2025-01-06
309,first_order,2025-01-07
310,signup,2025-01-02
310,app_open,2025-01-03
310,first_order,2025-01-04
310,repeat_order,2025-01-09
311,signup,2025-01-03
312,signup,2025-01-03
312,app_open,2025-01-03
313,signup,2025-01-07
313,app_open,2025-01-08
314,signup,2025-01-07
314,app_open,2025-01-08
315,signup,2025-01-05
315,app_open,2025-01-05
315,first_order,2025-01-07
316,signup,2025-01-03
316,app_open,2025-01-03
317,signup,2025-01-08
318,signup,2025-01-07
318,app_open,2025-01-08
319,signup,2025-01-05
319,app_open,2025-01-05
320,signup,2025-01-09
320,app_open,2025-01-10
320,first_order,2025-01-13
321,signup,2025-01-04
321,app_open,2025-01-05
322,signup,2025-01-07
322,app_open,2025-01-08
323,signup,2025-01-03
323,app_open,2025-01-04
323,first_order,2025-01-05
324,signup,2025-01-01
324,app_open,2025-01-01
324,first_order,2025-01-02
324,repeat_order,2025-01-05
325,signup,2025-01-10
325,app_open,2025-01-11
326,signup,2025-01-01
326,app_open,2025-01-01
326,first_order,2025-01-02
327,signup,2025-01-05
327,app_open,2025-01-05
328,signup,2025-01-07
328,app_open,2025-01-08
328,first_order,2025-01-09
329,signup,2025-01-07
329,app_open,2025-01-07
329,first_order,2025-01-09
330,signup,2025-01-01
330,app_open,2025-01-02
330,first_order,2025-01-05
331,signup,2025-01-02
331,app_open,2025-01-03
332,signup,2025-01-05
332,app_open,2025-01-06
333,signup,2025-01-03
333,app_open,2025-01-04
334,signup,2025-01-04
335,signup,2025-01-01
335,app_open,2025-01-01
336,signup,2025-01-04
336,app_open,2025-01-05
337,signup,2025-01-04
337,app_open,2025-01-05
337,first_order,2025-01-06
338,signup,2025-01-09
338,app_open,2025-01-10
339,signup,2025-01-01
339,app_open,2025-01-02
339,first_order,2025-01-05
339,repeat_order,2025-01-08
340,signup,2025-01-10
340,app_open,2025-01-11
340,first_order,2025-01-13
341,signup,2025-01-05
341,app_open,2025-01-05
342,signup,2025-01-07
342,app_open,2025-01-08
343,signup,2025-01-04
343,app_open,2025-01-05
344,signup,2025-01-01
345,signup,2025-01-05
345,app_open,2025-01-06
346,signup,2025-01-06
346,app_open,2025-01-07
347,signup,2025-01-07
347,app_open,2025-01-08
347,first_order,2025-01-10
348,signup,2025-01-02
348,app_open,2025-01-03
348,first_order,2025-01-06
348,repeat_order,2025-01-10
349,signup,2025-01-09
349,app_open,2025-01-10
350,signup,2025-01-05
351,signup,2025-01-06
351,app_open,2025-01-07
352,signup,2025-01-08
353,signup,2025-01-06
353,app_open,2025-01-07
353,first_order,2025-01-09
353,repeat_order,2025-01-12
354,signup,2025-01-09
354,app_open,2025-01-09
354,first_order,2025-01-12
354,repeat_order,2025-01-19
355,signup,2025-01-01
355,app_open,2025-01-01
355,first_order,2025-01-03
356,signup,2025-01-07
357,signup,2025-01-07
357,app_open,2025-01-07
357,first_order,2025-01-08
358,signup,2025-01-10
358,app_open,2025-01-11
359,signup,2025-01-07
359,app_open,2025-01-08
360,signup,2025-01-01
360,app_open,2025-01-01
361,signup,2025-01-07
361,app_open,2025-01-07
361,first_order,2025-01-09
362,signup,2025-01-07
362,app_open,2025-01-08
362,first_order,2025-01-09
363,signup,2025-01-03
363,app_open,2025-01-04
364,signup,2025-01-01
364,app_open,2025-01-01
365,signup,2025-01-05
365,app_open,2025-01-05
366,signup,2025-01-06
367,signup,2025-01-05
367,app_open,2025-01-06
367,first_order,2025-01-07
368,signup,2025-01-08
368,app_open,2025-01-08
369,signup,2025-01-10
369,app_open,2025-01-10
370,signup,2025-01-05
370,app_open,2025-01-05
371,signup,2025-01-03
371,app_open,2025-01-04
372,signup,2025-01-04
372,app_open,2025-01-04
373,signup,2025-01-03
374,signup,2025-01-02
374,app_open,2025-01-03
375,signup,2025-01-07
375,app_open,2025-01-07
376,signup,2025-01-08
376,app_open,2025-01-09
377,signup,2025-01-01
377,app_open,2025-01-02
378,signup,2025-01-04
379,signup,2025-01-06
380,signup,2025-01-10
380,app_open,2025-01-10
381,signup,2025-01-08
381,app_open,2025-01-09
382,signup,2025-01-02
382,app_open,2025-01-03
382,first_order,2025-01-05
382,repeat_order,2025-01-09
383,signup,2025-01-04
384,signup,2025-01-06
384,app_open,2025-01-06
385,signup,2025-01-02
385,app_open,2025-01-03
386,signup,2025-01-04
386,app_open,2025-01-04
387,signup,2025-01-10
387,app_open,2025-01-11
387,first_order,2025-01-12
388,signup,2025-01-08
388,app_open,2025-01-08
388,first_order,2025-01-11
388,repeat_order,2025-01-17
389,signup,2025-01-10
389,app_open,2025-01-10
390,signup,2025-01-10
390,app_open,2025-01-10
391,signup,2025-01-10
391,app_open,2025-01-10
392,signup,2025-01-05
392,app_open,2025-01-05
393,signup,2025-01-06
393,app_open,2025-01-06
393,first_order,2025-01-07
394,signup,2025-01-07
394,app_open,2025-01-07
394,first_order,2025-01-10
394,repeat_order,2025-01-17
395,signup,2025-01-03
395,app_open,2025-01-03
395,first_order,2025-01-04
396,signup,2025-01-03
396,app_open,2025-01-03
397,signup,2025-01-09
397,app_open,2025-01-09
397,first_order,2025-01-11
398,signup,2025-01-08
398,app_open,2025-01-09
399,signup,2025-01-07
399,app_open,2025-01-07
400,signup,2025-01-08
401,signup,2025-01-02
402,signup,2025-01-08
402,app_open,2025-01-09
402,first_order,2025-01-10
402,repeat_order,2025-01-14
403,signup,2025-01-10
403,app_open,2025-01-11
404,signup,2025-01-03
404,app_open,2025-01-04
404,first_order,2025-01-07
404,repeat_order,2025-01-11
405,signup,2025-01-10
406,signup,2025-01-04
406,app_open,2025-01-04
406,first_order,2025-01-07
407,signup,2025-01-04
407,app_open,2025-01-04
408,signup,2025-01-08
409,signup,2025-01-05
409,app_open,2025-01-05
410,signup,2025-01-10
411,signup,2025-01-06
411,app_open,2025-01-07
412,signup,2025-01-01
412,app_open,2025-01-02
412,first_order,2025-01-03
413,signup,2025-01-04
413,app_open,2025-01-05
414,signup,2025-01-02
414,app_open,2025-01-03
415,signup,2025-01-07
415,app_open,2025-01-08
415,first_order,2025-01-09
416,signup,2025-01-05
417,signup,2025-01-07
417,app_open,2025-01-07
418,signup,2025-01-06
418,app_open,2025-01-06
419,signup,2025-01-09
419,app_open,2025-01-09
420,signup,2025-01-05
420,app_open,2025-01-05
421,signup,2025-01-08
421,app_open,2025-01-09
422,signup,2025-01-01
422,app_open,2025-01-02
423,signup,2025-01-04
423,app_open,2025-01-05
424,signup,2025-01-03
424,app_open,2025-01-04
425,signup,2025-01-09
425,app_open,2025-01-09
426,signup,2025-01-10
426,app_open,2025-01-10
427,signup,2025-01-03
427,app_open,2025-01-03
427,first_order,2025-01-06
427,repeat_order,2025-01-13
428,signup,2025-01-07
428,app_open,2025-01-08
429,signup,2025-01-10
429,app_open,2025-01-11
430,signup,2025-01-04
431,signup,2025-01-04
431,app_open,2025-01-05
431,first_order,2025-01-08
432,signup,2025-01-07
432,app_open,2025-01-08
433,signup,2025-01-08
433,app_open,2025-01-09
434,signup,2025-01-08
434,app_open,2025-01-09
435,signup,2025-01-08
436,signup,2025-01-06
436,app_open,2025-01-07
437,signup,2025-01-02
437,app_open,2025-01-02
438,signup,2025-01-06
438,app_open,2025-01-06
439,signup,2025-01-04
439,app_open,2025-01-04
440,signup,2025-01-04
440,app_open,2025-01-05
440,first_order,2025-01-06
441,signup,2025-01-01
441,app_open,2025-01-02
441,first_order,2025-01-05
442,signup,2025-01-08
443,signup,2025-01-06
444,signup,2025-01-03
445,signup,2025-01-07
445,app_open,2025-01-07
446,signup,2025-01-04
446,app_open,2025-01-04
446,first_order,2025-01-06
447,signup,2025-01-01
447,app_open,2025-01-02
447,first_order,2025-01-03
447,repeat_order,2025-01-10
448,signup,2025-01-02
448,app_open,2025-01-02
449,signup,2025-01-04
449,app_open,2025-01-05
450,signup,2025-01-08
450,app_open,2025-01-08
451,signup,2025-01-06
451,app_open,2025-01-07
452,signup,2025-01-02
452,app_open,2025-01-03
452,first_order,2025-01-06
452,repeat_order,2025-01-09
453,signup,2025-01-05
453,app_open,2025-01-06
454,signup,2025-01-10
454,app_open,2025-01-11
454,first_order,2025-01-13
455,signup,2025-01-01
456,signup,2025-01-05
456,app_open,2025-01-06
456,first_order,2025-01-08
456,repeat_order,2025-01-13
457,signup,2025-01-09
457,app_open,2025-01-09
458,signup,2025-01-06
459,signup,2025-01-01
460,signup,2025-01-01
461,signup,2025-01-01
461,app_open,2025-01-01
461,first_order,2025-01-03
462,signup,2025-01-06
462,app_open,2025-01-06
463,signup,2025-01-01
463,app_open,2025-01-02
463,first_order,2025-01-03
464,signup,2025-01-08
465,signup,2025-01-08
465,app_open,2025-01-08
466,signup,2025-01-01
466,app_open,2025-01-01
466,first_order,2025-01-02
466,repeat_order,2025-01-08
467,signup,2025-01-05
467,app_open,2025-01-06
468,signup,2025-01-05
469,signup,2025-01-01
469,app_open,2025-01-02
469,first_order,2025-01-03
469,repeat_order,2025-01-07
470,signup,2025-01-09
470,app_open,2025-01-09
471,signup,2025-01-05
471,app_open,2025-01-05
471,first_order,2025-01-07
471,repeat_order,2025-01-13
472,signup,2025-01-03
472,app_open,2025-01-04
473,signup,2025-01-07
473,app_open,2025-01-08
473,first_order,2025-01-09
473,repeat_order,2025-01-15
474,signup,2025-01-03
474,app_open,2025-01-03
475,signup,2025-01-10
475,app_open,2025-01-10
475,first_order,2025-01-12
476,signup,2025-01-05
476,app_open,2025-01-05
477,signup,2025-01-01
477,app_open,2025-01-01
478,signup,2025-01-04
478,app_open,2025-01-04
479,signup,2025-01-10
479,app_open,2025-01-11
480,signup,2025-01-06
480,app_open,2025-01-06
480,first_order,2025-01-07
481,signup,2025-01-09
481,app_open,2025-01-10
482,signup,2025-01-04
482,app_open,2025-01-04
483,signup,2025-01-06
483,app_open,2025-01-06
484,signup,2025-01-06
484,app_open,2025-01-06
484,first_order,2025-01-08
485,signup,2025-01-08
485,app_open,2025-01-08
485,first_order,2025-01-10
486,signup,2025-01-09
486,app_open,2025-01-09
486,first_order,2025-01-11
487,signup,2025-01-05
487,app_open,2025-01-06
488,signup,2025-01-09
488,app_open,2025-01-10
488,first_order,2025-01-11
489,signup,2025-01-06
489,app_open,2025-01-06
490,signup,2025-01-10
490,app_open,2025-01-10
490,first_order,2025-01-13
490,repeat_order,2025-01-16
491,signup,2025-01-09
491,app_open,2025-01-09
491,first_order,2025-01-11
492,signup,2025-01-04
492,app_open,2025-01-04
492,first_order,2025-01-07
493,signup,2025-01-04
493,app_open,2025-01-04
493,first_order,2025-01-06
493,repeat_order,2025-01-11
494,signup,2025-01-06
494,app_open,2025-01-06
494,first_order,2025-01-08
495,signup,2025-01-06
496,signup,2025-01-04
496,app_open,2025-01-04
496,first_order,2025-01-05
496,repeat_order,2025-01-08
497,signup,2025-01-09
497,app_open,2025-01-10
498,signup,2025-01-09
498,app_open,2025-01-10
499,signup,2025-01-07
499,app_open,2025-01-07
500,signup,2025-01-03
500,app_open,2025-01-03
501,signup,2025-01-04
501,app_open,2025-01-05
501,first_order,2025-01-08
501,repeat_order,2025-01-13
502,signup,2025-01-04
502,app_open,2025-01-05
503,signup,2025-01-10
503,app_open,2025-01-10
504,signup,2025-01-09
504,app_open,2025-01-10
505,signup,2025-01-06
505,app_open,2025-01-06
505,first_order,2025-01-07
506,signup,2025-01-04
506,app_open,2025-01-04
507,signup,2025-01-07
507,app_open,2025-01-07
508,signup,2025-01-08
509,signup,2025-01-05
509,app_open,2025-01-05
510,signup,2025-01-09
510,app_open,2025-01-10
511,signup,2025-01-09
511,app_open,2025-01-10
512,signup,2025-01-02
512,app_open,2025-01-02
512,first_order,2025-01-04
513,signup,2025-01-08
513,app_open,2025-01-08
514,signup,2025-01-07
514,app_open,2025-01-08
515,signup,2025-01-06
515,app_open,2025-01-07
515,first_order,2025-01-08
516,signup,2025-01-05
516,app_open,2025-01-06
516,first_order,2025-01-09
517,signup,2025-01-05
517,app_open,2025-01-06
518,signup,2025-01-03
518,app_open,2025-01-03
519,signup,2025-01-02
519,app_open,2025-01-03
520,signup,2025-01-03
521,signup,2025-01-04
521,app_open,2025-01-05
521,first_order,2025-01-07
522,signup,2025-01-10
522,app_open,2025-01-10
523,signup,2025-01-01
523,app_open,2025-01-02
524,signup,2025-01-03
525,signup,2025-01-10
525,app_open,2025-01-11
526,signup,2025-01-06
526,app_open,2025-01-07
527,signup,2025-01-10
527,app_open,2025-01-11
527,first_order,2025-01-14
527,repeat_order,2025-01-17
528,signup,2025-01-06
528,app_open,2025-01-06
529,signup,2025-01-01
529,app_open,2025-01-02
529,first_order,2025-01-04
529,repeat_order,2025-01-08
530,signup,2025-01-03
530,app_open,2025-01-03
530,first_order,2025-01-06
530,repeat_order,2025-01-13
531,signup,2025-01-03
531,app_open,2025-01-04
531,first_order,2025-01-05
531,repeat_order,2025-01-12
532,signup,2025-01-01
532,app_open,2025-01-01
532,first_order,2025-01-02
533,signup,2025-01-01
534,signup,2025-01-09
535,signup,2025-01-03
535,app_open,2025-01-04
536,signup,2025-01-04
536,app_open,2025-01-04
536,first_order,2025-01-07
536,repeat_order,2025-01-10
537,signup,2025-01-09
537,app_open,2025-01-09
538,signup,2025-01-09
538,app_open,2025-01-09
539,signup,2025-01-01
539,app_open,2025-01-02
539,first_order,2025-01-03
539,repeat_order,2025-01-07
540,signup,2025-01-10
541,signup,2025-01-06
542,signup,2025-01-10
542,app_open,2025-01-10
542,first_order,2025-01-11
543,signup,2025-01-08
543,app_open,2025-01-08
544,signup,2025-01-08
544,app_open,2025-01-08
545,signup,2025-01-04
545,app_open,2025-01-04
546,signup,2025-01-10
546,app_open,2025-01-10
546,first_order,2025-01-13
546,repeat_order,2025-01-20
547,signup,2025-01-09
547,app_open,2025-01-10
548,signup,2025-01-02
548,app_open,2025-01-03
549,signup,2025-01-01
549,app_open,2025-01-02
549,first_order,2025-01-03
550,signup,2025-01-01
550,app_open,2025-01-01
550,first_order,2025-01-03
550,repeat_order,2025-01-08
551,signup,2025-01-10
551,app_open,2025-01-10
551,first_order,2025-01-13
552,signup,2025-01-05
552,app_open,2025-01-05
553,signup,2025-01-08
554,signup,2025-01-10
554,app_open,2025-01-11
554,first_order,2025-01-12
555,signup,2025-01-09
556,signup,2025-01-09
556,app_open,2025-01-10
557,signup,2025-01-06
557,app_open,2025-01-07
558,signup,2025-01-08
558,app_open,2025-01-08
558,first_order,2025-01-10
558,repeat_order,2025-01-15
559,signup,2025-01-02
559,app_open,2025-01-03
560,signup,2025-01-09
560,app_open,2025-01-10
561,signup,2025-01-02
562,signup,2025-01-05
563,signup,2025-01-09
563,app_open,2025-01-09
564,signup,2025-01-03
564,app_open,2025-01-03
564,first_order,2025-01-06
564,repeat_order,2025-01-12
565,signup,2025-01-06
565,app_open,2025-01-06
566,signup,2025-01-04
566,app_open,2025-01-04
566,first_order,2025-01-07
567,signup,2025-01-09
567,app_open,2025-01-09
567,first_order,2025-01-10
567,repeat_order,2025-01-17
568,signup,2025-01-10
568,app_open,2025-01-11
569,signup,2025-01-05
570,signup,2025-01-02
570,app_open,2025-01-02
571,signup,2025-01-03
571,app_open,2025-01-04
572,signup,2025-01-08
572,app_open,2025-01-08
572,first_order,2025-01-11
573,signup,2025-01-01
573,app_open,2025-01-01
574,signup,2025-01-08
574,app_open,2025-01-08
574,first_order,2025-01-11
574,repeat_order,2025-01-17
575,signup,2025-01-04
576,signup,2025-01-01
577,signup,2025-01-05
577,app_open,2025-01-05
578,signup,2025-01-01
578,app_open,2025-01-02
578,first_order,2025-01-03
578,repeat_order,2025-01-09
579,signup,2025-01-04
580,signup,2025-01-05
580,app_open,2025-01-06
581,signup,2025-01-06
581,app_open,2025-01-06
582,signup,2025-01-02
582,app_open,2025-01-03
583,signup,2025-01-03
584,signup,2025-01-02
584,app_open,2025-01-02
585,signup,2025-01-04
585,app_open,2025-01-05
586,signup,2025-01-10
586,app_open,2025-01-10
587,signup,2025-01-09
587,app_open,2025-01-10
587,first_order,2025-01-13
588,signup,2025-01-06
589,signup,2025-01-08
589,app_open,2025-01-08
589,first_order,2025-01-10
589,repeat_order,2025-01-14
590,signup,2025-01-02
591,signup,2025-01-10
591,app_open,2025-01-11
591,first_order,2025-01-14
592,signup,2025-01-05
592,app_open,2025-01-06
593,signup,2025-01-05
593,app_open,2025-01-05
594,signup,2025-01-09
595,signup,2025-01-10
596,signup,2025-01-03
596,app_open,2025-01-03
597,signup,2025-01-01
598,signup,2025-01-10
598,app_open,2025-01-11
599,signup,2025-01-08
599,app_open,2025-01-09
600,signup,2025-01-07
600,app_open,2025-01-07
601,signup,2025-01-02
601,app_open,2025-01-03
601,first_order,2025-01-06
602,signup,2025-01-06
602,app_open,2025-01-06
603,signup,2025-01-08
603,app_open,2025-01-08
604,signup,2025-01-08
604,app_open,2025-01-09
604,first_order,2025-01-11
604,repeat_order,2025-01-16
605,signup,2025-01-05
605,app_open,2025-01-06
606,signup,2025-01-06
606,app_open,2025-01-07
607,signup,2025-01-04
608,signup,2025-01-01
608,app_open,2025-01-01
608,first_order,2025-01-04
608,repeat_order,2025-01-07
609,signup,2025-01-02
609,app_open,2025-01-02
610,signup,2025-01-09
610,app_open,2025-01-09
611,signup,2025-01-09
611,app_open,2025-01-09
611,first_order,2025-01-12
612,signup,2025-01-02
612,app_open,2025-01-02
613,signup,2025-01-07
613,app_open,2025-01-08
613,first_order,2025-01-10
614,signup,2025-01-04
615,signup,2025-01-01
615,app_open,2025-01-02
615,first_order,2025-01-05
616,signup,2025-01-07
616,app_open,2025-01-07
616,first_order,2025-01-10
616,repeat_order,2025-01-14
617,signup,2025-01-05
617,app_open,2025-01-05
618,signup,2025-01-03
618,app_open,2025-01-03
619,signup,2025-01-02
620,signup,2025-01-05
620,app_open,2025-01-06
621,signup,2025-01-02
621,app_open,2025-01-03
622,signup,2025-01-02
623,signup,2025-01-06
623,app_open,2025-01-06
623,first_order,2025-01-09
624,signup,2025-01-08
624,app_open,2025-01-08
625,signup,2025-01-04
625,app_open,2025-01-04
626,signup,2025-01-01
626,app_open,2025-01-01
626,first_order,2025-01-02
627,signup,2025-01-06
628,signup,2025-01-04
628,app_open,2025-01-05
628,first_order,2025-01-08
629,signup,2025-01-01
630,signup,2025-01-04
631,signup,2025-01-10
631,app_open,2025-01-11
632,signup,2025-01-03
632,app_open,2025-01-03
632,first_order,2025-01-05
632,repeat_order,2025-01-11
633,signup,2025-01-01
633,app_open,2025-01-01
634,signup,2025-01-06
634,app_open,2025-01-07
634,first_order,2025-01-08
634,repeat_order,2025-01-12
635,signup,2025-01-06
635,app_open,2025-01-06
636,signup,2025-01-05
636,app_open,2025-01-05
637,signup,2025-01-05
637,app_open,2025-01-05
638,signup,2025-01-03
639,signup,2025-01-09
639,app_open,2025-01-10
640,signup,2025-01-02
641,signup,2025-01-03
642,signup,2025-01-09
642,app_open,2025-01-09
642,first_order,2025-01-11
643,signup,2025-01-06
643,app_open,2025-01-06
643,first_order,2025-01-07
643,repeat_order,2025-01-10
644,signup,2025-01-08
645,signup,2025-01-01
646,signup,2025-01-09
646,app_open,2025-01-09
647,signup,2025-01-06
647,app_open,2025-01-06
648,signup,2025-01-10
649,signup,2025-01-02
650,signup,2025-01-03
650,app_open,2025-01-03
650,first_order,2025-01-05
651,signup,2025-01-05
651,app_open,2025-01-06
651,first_order,2025-01-08
651,repeat_order,2025-01-14
652,signup,2025-01-05
652,app_open,2025-01-05
653,signup,2025-01-10
653,app_open,2025-01-10
653,first_order,2025-01-11
654,signup,2025-01-08
655,signup,2025-01-05
655,app_open,2025-01-06
656,signup,2025-01-02
656,app_open,2025-01-03
657,signup,2025-01-02
657,app_open,2025-01-03
657,first_order,2025-01-05
658,signup,2025-01-05
659,signup,2025-01-08
660,signup,2025-01-06
660,app_open,2025-01-07
661,signup,2025-01-10
662,signup,2025-01-07
662,app_open,2025-01-07
662,first_order,2025-01-10
663,signup,2025-01-05
664,signup,2025-01-01
664,app_open,2025-01-02
665,signup,2025-01-07
665,app_open,2025-01-07
665,first_order,2025-01-09
666,signup,2025-01-10
667,signup,2025-01-06
667,app_open,2025-01-07
668,signup,2025-01-03
668,app_open,2025-01-04
669,signup,2025-01-02
669,app_open,2025-01-03
670,signup,2025-01-10
670,app_open,2025-01-10
670,first_order,2025-01-12
671,signup,2025-01-02
671,app_open,2025-01-03
672,signup,2025-01-05
672,app_open,2025-01-06
672,first_order,2025-01-09
672,repeat_order,2025-01-14
673,signup,2025-01-05
673,app_open,2025-01-05
674,signup,2025-01-06
674,app_open,2025-01-06
675,signup,2025-01-09
675,app_open,2025-01-10
675,first_order,2025-01-11
675,repeat_order,2025-01-16
676,signup,2025-01-02
676,app_open,2025-01-02
677,signup,2025-01-03
677,app_open,2025-01-03
677,first_order,2025-01-04
677,repeat_order,2025-01-11
678,signup,2025-01-01
678,app_open,2025-01-01
679,signup,2025-01-07
679,app_open,2025-01-08
680,signup,2025-01-09
681,signup,2025-01-04
681,app_open,2025-01-05
682,signup,2025-01-07
682,app_open,2025-01-08
682,first_order,2025-01-10
682,repeat_order,2025-01-16
683,signup,2025-01-09
683,app_open,2025-01-09
684,signup,2025-01-10
685,signup,2025-01-03
685,app_open,2025-01-03
686,signup,2025-01-05
686,app_open,2025-01-05
686,first_order,2025-01-08
686,repeat_order,2025-01-14
687,signup,2025-01-01
688,signup,2025-01-04
689,signup,2025-01-07
689,app_open,2025-01-08
690,signup,2025-01-06
690,app_open,2025-01-07
691,signup,2025-01-06
691,app_open,2025-01-06
691,first_order,2025-01-07
691,repeat_order,2025-01-10
692,signup,2025-01-10
692,app_open,2025-01-10
693,signup,2025-01-10
693,app_open,2025-01-11
693,first_order,2025-01-13
693,repeat_order,2025-01-16
694,signup,2025-01-08
694,app_open,2025-01-09
694,first_order,2025-01-11
694,repeat_order,2025-01-18
695,signup,2025-01-09
696,signup,2025-01-08
696,app_open,2025-01-09
696,first_order,2025-01-12
697,signup,2025-01-01
697,app_open,2025-01-02
698,signup,2025-01-10
699,signup,2025-01-08
699,app_open,2025-01-08
699,first_order,2025-01-11
700,signup,2025-01-06
700,app_open,2025-01-06
701,signup,2025-01-08
701,app_open,2025-01-08
701,first_order,2025-01-10
701,repeat_order,2025-01-16
702,signup,2025-01-09
702,app_open,2025-01-09
702,first_order,2025-01-12
702,repeat_order,2025-01-17
703,signup,2025-01-03
703,app_open,2025-01-04
704,signup,2025-01-01
704,app_open,2025-01-02
705,signup,2025-01-01
706,signup,2025-01-10
706,app_open,2025-01-10
706,first_order,2025-01-12
707,signup,2025-01-07
708,signup,2025-01-03
708,app_open,2025-01-03
709,signup,2025-01-02
709,app_open,2025-01-02
709,first_order,2025-01-03
710,signup,2025-01-01
710,app_open,2025-01-02
711,signup,2025-01-01
711,app_open,2025-01-02
712,signup,2025-01-04
713,signup,2025-01-08
713,app_open,2025-01-09
713,first_order,2025-01-11
713,repeat_order,2025-01-14
714,signup,2025-01-02
715,signup,2025-01-05
715,app_open,2025-01-06
716,signup,2025-01-04
717,signup,2025-01-08
717,app_open,2025-01-09
718,signup,2025-01-06
719,signup,2025-01-03
719,app_open,2025-01-04
719,first_order,2025-01-07
719,repeat_order,2025-01-10
720,signup,2025-01-08
721,signup,2025-01-09
722,signup,2025-01-09
722,app_open,2025-01-10
723,signup,2025-01-04
723,app_open,2025-01-04
724,signup,2025-01-07
724,app_open,2025-01-07
725,signup,2025-01-08
725,app_open,2025-01-08
725,first_order,2025-01-10
725,repeat_order,2025-01-17
726,signup,2025-01-03
726,app_open,2025-01-04
726,first_order,2025-01-05
727,signup,2025-01-01
727,app_open,2025-01-01
728,signup,2025-01-06
728,app_open,2025-01-06
729,signup,2025-01-07
729,app_open,2025-01-07
729,first_order,2025-01-10
729,repeat_order,2025-01-16
730,signup,2025-01-01
730,app_open,2025-01-02
731,signup,2025-01-01
731,app_open,2025-01-02
731,first_order,2025-01-03
732,signup,2025-01-01
732,app_open,2025-01-01
733,signup,2025-01-02
733,app_open,2025-01-02
734,signup,2025-01-09
734,app_open,2025-01-10
735,signup,2025-01-09
735,app_open,2025-01-10
736,signup,2025-01-03
736,app_open,2025-01-03
736,first_order,2025-01-04
737,signup,2025-01-04
737,app_open,2025-01-04
738,signup,2025-01-08
738,app_open,2025-01-08
739,signup,2025-01-02
739,app_open,2025-01-03
740,signup,2025-01-07
740,app_open,2025-01-07
740,first_order,2025-01-10
740,repeat_order,2025-01-16
741,signup,2025-01-06
741,app_open,2025-01-06
741,first_order,2025-01-08
741,repeat_order,2025-01-11
742,signup,2025-01-01
742,app_open,2025-01-01
743,signup,2025-01-02
743,app_open,2025-01-02
744,signup,2025-01-07
744,app_open,2025-01-07
744,first_order,2025-01-08
745,signup,2025-01-10
745,app_open,2025-01-10
746,signup,2025-01-05
746,app_open,2025-01-06
747,signup,2025-01-07
747,app_open,2025-01-08
748,signup,2025-01-08
748,app_open,2025-01-09
748,first_order,2025-01-11
749,signup,2025-01-02
749,app_open,2025-01-02
750,signup,2025-01-06
751,signup,2025-01-09
752,signup,2025-01-05
752,app_open,2025-01-06
753,signup,2025-01-05
753,app_open,2025-01-05
753,first_order,2025-01-07
754,signup,2025-01-04
755,signup,2025-01-07
755,app_open,2025-01-08
755,first_order,2025-01-10
756,signup,2025-01-09
756,app_open,2025-01-09
757,signup,2025-01-05
758,signup,2025-01-05
759,signup,2025-01-10
759,app_open,2025-01-10
760,signup,2025-01-04
760,app_open,2025-01-04
760,first_order,2025-01-07
761,signup,2025-01-08
761,app_open,2025-01-09
762,signup,2025-01-09
762,app_open,2025-01-09
763,signup,2025-01-06
763,app_open,2025-01-07
763,first_order,2025-01-08
763,repeat_order,2025-01-13
764,signup,2025-01-08
764,app_open,2025-01-09
765,signup,2025-01-10
765,app_open,2025-01-10
766,signup,2025-01-05
766,app_open,2025-01-06
767,signup,2025-01-10
767,app_open,2025-01-11
768,signup,2025-01-07
768,app_open,2025-01-07
769,signup,2025-01-06
769,app_open,2025-01-06
770,signup,2025-01-06
770,app_open,2025-01-07
771,signup,2025-01-04
771,app_open,2025-01-05
772,signup,2025-01-10
772,app_open,2025-01-11
772,first_order,2025-01-13
772,repeat_order,2025-01-17
773,signup,2025-01-08
774,signup,2025-01-02
774,app_open,2025-01-03
775,signup,2025-01-09
775,app_open,2025-01-09
775,first_order,2025-01-11
776,signup,2025-01-08
776,app_open,2025-01-08
776,first_order,2025-01-10
777,signup,2025-01-03
777,app_open,2025-01-04
778,signup,2025-01-10
778,app_open,2025-01-11
778,first_order,2025-01-13
779,signup,2025-01-09
779,app_open,2025-01-09
780,signup,2025-01-09
780,app_open,2025-01-09
781,signup,2025-01-01
782,signup,2025-01-01
782,app_open,2025-01-02
782,first_order,2025-01-03
782,repeat_order,2025-01-07
783,signup,2025-01-06
783,app_open,2025-01-07
784,signup,2025-01-08
784,app_open,2025-01-09
785,signup,2025-01-10
786,signup,2025-01-09
786,app_open,2025-01-10
786,first_order,2025-01-11
787,signup,2025-01-06
787,app_open,2025-01-06
788,signup,2025-01-09
789,signup,2025-01-01
789,app_open,2025-01-01
789,first_order,2025-01-04
789,repeat_order,2025-01-09
790,signup,2025-01-02
790,app_open,2025-01-03
791,signup,2025-01-10
791,app_open,2025-01-10
791,first_order,2025-01-11
792,signup,2025-01-03
793,signup,2025-01-08
793,app_open,2025-01-09
794,signup,2025-01-08
794,app_open,2025-01-08
794,first_order,2025-01-09
795,signup,2025-01-01
795,app_open,2025-01-02
796,signup,2025-01-10
797,signup,2025-01-04
798,signup,2025-01-08
798,app_open,2025-01-08
798,first_order,2025-01-10
799,signup,2025-01-06
800,signup,2025-01-10
800,app_open,2025-01-11
801,signup,2025-01-03
801,app_open,2025-01-04
801,first_order,2025-01-06
802,signup,2025-01-06
802,app_open,2025-01-06
803,signup,2025-01-06
804,signup,2025-01-10
804,app_open,2025-01-11
805,signup,2025-01-09
805,app_open,2025-01-10
805,first_order,2025-01-11
805,repeat_order,2025-01-15
806,signup,2025-01-07
807,signup,2025-01-02
807,app_open,2025-01-02
808,signup,2025-01-01
808,app_open,2025-01-01
809,signup,2025-01-02
810,signup,2025-01-01
810,app_open,2025-01-02
810,first_order,2025-01-05
811,signup,2025-01-07
811,app_open,2025-01-07
811,first_order,2025-01-10
812,signup,2025-01-03
812,app_open,2025-01-04
813,signup,2025-01-03
814,signup,2025-01-04
814,app_open,2025-01-05
814,first_order,2025-01-07
815,signup,2025-01-01
815,app_open,2025-01-02
816,signup,2025-01-05
816,app_open,2025-01-06
817,signup,2025-01-08
817,app_open,2025-01-09
817,first_order,2025-01-12
818,signup,2025-01-01
818,app_open,2025-01-01
818,first_order,2025-01-02
819,signup,2025-01-03
820,signup,2025-01-03
821,signup,2025-01-01
822,signup,2025-01-10
823,signup,2025-01-09
823,app_open,2025-01-10
823,first_order,2025-01-12
824,signup,2025-01-10
824,app_open,2025-01-11
825,signup,2025-01-05
825,app_open,2025-01-06
825,first_order,2025-01-07
826,signup,2025-01-03
827,signup,2025-01-02
827,app_open,2025-01-02
827,first_order,2025-01-04
828,signup,2025-01-04
828,app_open,2025-01-05
829,signup,2025-01-05
829,app_open,2025-01-06
830,signup,2025-01-08
830,app_open,2025-01-08
830,first_order,2025-01-10
831,signup,2025-01-02
831,app_open,2025-01-02
832,signup,2025-01-02
832,app_open,2025-01-03
833,signup,2025-01-08
834,signup,2025-01-02
834,app_open,2025-01-02
835,signup,2025-01-07
835,app_open,2025-01-08
835,first_order,2025-01-11
835,repeat_order,2025-01-15
836,signup,2025-01-06
836,app_open,2025-01-06
837,signup,2025-01-03
837,app_open,2025-01-04
838,signup,2025-01-01
838,app_open,2025-01-02
838,first_order,2025-01-03
839,signup,2025-01-01
839,app_open,2025-01-01
840,signup,2025-01-01
840,app_open,2025-01-02
840,first_order,2025-01-05
840,repeat_order,2025-01-10
841,signup,2025-01-08
841,app_open,2025-01-09
841,first_order,2025-01-11
841,repeat_order,2025-01-17
842,signup,2025-01-05
842,app_open,2025-01-05
843,signup,2025-01-10
843,app_open,2025-01-10
843,first_order,2025-01-11
844,signup,2025-01-01
844,app_open,2025-01-02
844,first_order,2025-01-03
845,signup,2025-01-02
846,signup,2025-01-04
846,app_open,2025-01-05
846,first_order,2025-01-06
847,signup,2025-01-10
847,app_open,2025-01-10
848,signup,2025-01-09
848,app_open,2025-01-09
849,signup,2025-01-06
849,app_open,2025-01-07
850,signup,2025-01-10
850,app_open,2025-01-10
851,signup,2025-01-10
851,app_open,2025-01-10
851,first_order,2025-01-11
852,signup,2025-01-01
852,app_open,2025-01-02
852,first_order,2025-01-05
852,repeat_order,2025-01-11
853,signup,2025-01-02
853,app_open,2025-01-03
854,signup,2025-01-10
854,app_open,2025-01-11
855,signup,2025-01-09
856,signup,2025-01-06
856,app_open,2025-01-06
857,signup,2025-01-04
857,app_open,2025-01-05
858,signup,2025-01-03
858,app_open,2025-01-04
859,signup,2025-01-03
859,app_open,2025-01-03
859,first_order,2025-01-05
859,repeat_order,2025-01-10
860,signup,2025-01-06
860,app_open,2025-01-06
861,signup,2025-01-09
861,app_open,2025-01-10
861,first_order,2025-01-13
862,signup,2025-01-03
862,app_open,2025-01-03
862,first_order,2025-01-05
863,signup,2025-01-02
863,app_open,2025-01-03
864,signup,2025-01-04
864,app_open,2025-01-04
864,first_order,2025-01-07
864,repeat_order,2025-01-10
865,signup,2025-01-02
865,app_open,2025-01-03
865,first_order,2025-01-06
866,signup,2025-01-07
866,app_open,2025-01-07
867,signup,2025-01-05
867,app_open,2025-01-06
867,first_order,2025-01-09
868,signup,2025-01-07
868,app_open,2025-01-08
869,signup,2025-01-01
869,app_open,2025-01-02
870,signup,2025-01-05
870,app_open,2025-01-05
870,first_order,2025-01-07
871,signup,2025-01-10
871,app_open,2025-01-10
872,signup,2025-01-09
872,app_open,2025-01-09
872,first_order,2025-01-10
872,repeat_order,2025-01-17
873,signup,2025-01-10
873,app_open,2025-01-10
873,first_order,2025-01-12
874,signup,2025-01-03
874,app_open,2025-01-04
874,first_order,2025-01-06
875,signup,2025-01-09
875,app_open,2025-01-10
876,signup,2025-01-04
876,app_open,2025-01-04
876,first_order,2025-01-06
877,signup,2025-01-08
877,app_open,2025-01-09
877,first_order,2025-01-11
877,repeat_order,2025-01-15
878,signup,2025-01-03
878,app_open,2025-01-04
879,signup,2025-01-09
879,app_open,2025-01-10
880,signup,2025-01-09
880,app_open,2025-01-10
881,signup,2025-01-08
881,app_open,2025-01-08
882,signup,2025-01-04
882,app_open,2025-01-05
882,first_order,2025-01-07
883,signup,2025-01-08
883,app_open,2025-01-09
884,signup,2025-01-03
884,app_open,2025-01-04
885,signup,2025-01-06
885,app_open,2025-01-06
885,first_order,2025-01-09
886,signup,2025-01-10
886,app_open,2025-01-11
886,first_order,2025-01-13
886,repeat_order,2025-01-18
887,signup,2025-01-10
887,app_open,2025-01-10
888,signup,2025-01-10
888,app_open,2025-01-11
888,first_order,2025-01-14
889,signup,2025-01-02
889,app_open,2025-01-03
889,first_order,2025-01-06
889,repeat_order,2025-01-09
890,signup,2025-01-01
891,signup,2025-01-02
891,app_open,2025-01-02
892,signup,2025-01-06
892,app_open,2025-01-07
893,signup,2025-01-01
893,app_open,2025-01-01
894,signup,2025-01-05
895,signup,2025-01-02
896,signup,2025-01-07
896,app_open,2025-01-08
896,first_order,2025-01-09
896,repeat_order,2025-01-15
897,signup,2025-01-09
897,app_open,2025-01-09
898,signup,2025-01-08
899,signup,2025-01-04
899,app_open,2025-01-04
899,first_order,2025-01-07
900,signup,2025-01-07
900,app_open,2025-01-08
900,first_order,2025-01-10
901,signup,2025-01-07
901,app_open,2025-01-08
901,first_order,2025-01-11
902,signup,2025-01-04
902,app_open,2025-01-04
903,signup,2025-01-10
903,app_open,2025-01-11
904,signup,2025-01-07
904,app_open,2025-01-08
904,first_order,2025-01-11
905,signup,2025-01-07
905,app_open,2025-01-07
906,signup,2025-01-08
906,app_open,2025-01-08
907,signup,2025-01-05
907,app_open,2025-01-05
908,signup,2025-01-07
908,app_open,2025-01-07
909,signup,2025-01-10
909,app_open,2025-01-11
909,first_order,2025-01-13
910,signup,2025-01-05
910,app_open,2025-01-05
910,first_order,2025-01-06
911,signup,2025-01-08
912,signup,2025-01-03
912,app_open,2025-01-04
913,signup,2025-01-08
914,signup,2025-01-04
914,app_open,2025-01-05
915,signup,2025-01-06
916,signup,2025-01-09
916,app_open,2025-01-10
917,signup,2025-01-01
918,signup,2025-01-03
918,app_open,2025-01-04
919,signup,2025-01-05
920,signup,2025-01-04
920,app_open,2025-01-04
921,signup,2025-01-02
921,app_open,2025-01-03
922,signup,2025-01-03
922,app_open,2025-01-03
922,first_order,2025-01-04
923,signup,2025-01-01
924,signup,2025-01-08
924,app_open,2025-01-09
925,signup,2025-01-07
926,signup,2025-01-05
926,app_open,2025-01-06
927,signup,2025-01-01
928,signup,2025-01-07
929,signup,2025-01-01
930,signup,2025-01-10
931,signup,2025-01-05
931,app_open,2025-01-05
931,first_order,2025-01-07
931,repeat_order,2025-01-11
932,signup,2025-01-10
933,signup,2025-01-06
933,app_open,2025-01-06
933,first_order,2025-01-08
934,signup,2025-01-02
934,app_open,2025-01-02
934,first_order,2025-01-04
934,repeat_order,2025-01-10
935,signup,2025-01-01
935,app_open,2025-01-02
935,first_order,2025-01-04
936,signup,2025-01-08
936,app_open,2025-01-08
937,signup,2025-01-10
937,app_open,2025-01-11
937,first_order,2025-01-13
938,signup,2025-01-01
938,app_open,2025-01-01
938,first_order,2025-01-03
938,repeat_order,2025-01-09
939,signup,2025-01-01
939,app_open,2025-01-02
939,first_order,2025-01-05
940,signup,2025-01-01
940,app_open,2025-01-01
941,signup,2025-01-01
941,app_open,2025-01-02
942,signup,2025-01-04
942,app_open,2025-01-04
943,signup,2025-01-10
944,signup,2025-01-08
944,app_open,2025-01-09
944,first_order,2025-01-12
944,repeat_order,2025-01-15
945,signup,2025-01-04
945,app_open,2025-01-04
945,first_order,2025-01-07
946,signup,2025-01-02
946,app_open,2025-01-02
947,signup,2025-01-05
947,app_open,2025-01-05
948,signup,2025-01-06
948,app_open,2025-01-06
949,signup,2025-01-06
949,app_open,2025-01-06
950,signup,2025-01-05
951,signup,2025-01-05
951,app_open,2025-01-05
951,first_order,2025-01-07
952,signup,2025-01-10
952,app_open,2025-01-10
953,signup,2025-01-05
954,signup,2025-01-02
954,app_open,2025-01-02
955,signup,2025-01-04
955,app_open,2025-01-05
956,signup,2025-01-08
956,app_open,2025-01-09
956,first_order,2025-01-12
956,repeat_order,2025-01-17
957,signup,2025-01-06
958,signup,2025-01-07
959,signup,2025-01-10
959,app_open,2025-01-11
960,signup,2025-01-04
960,app_open,2025-01-05
961,signup,2025-01-09
961,app_open,2025-01-09
962,signup,2025-01-07
962,app_open,2025-01-08
963,signup,2025-01-03
963,app_open,2025-01-03
964,signup,2025-01-09
964,app_open,2025-01-10
964,first_order,2025-01-11
965,signup,2025-01-04
965,app_open,2025-01-04
966,signup,2025-01-03
967,signup,2025-01-02
967,app_open,2025-01-03
968,signup,2025-01-07
968,app_open,2025-01-08
969,signup,2025-01-06
970,signup,2025-01-10
971,signup,2025-01-05
971,app_open,2025-01-06
972,signup,2025-01-10
972,app_open,2025-01-10
973,signup,2025-01-05
973,app_open,2025-01-06
974,signup,2025-01-02
974,app_open,2025-01-02
975,signup,2025-01-10
975,app_open,2025-01-10
976,signup,2025-01-06
977,signup,2025-01-02
977,app_open,2025-01-02
978,signup,2025-01-03
979,signup,2025-01-02
979,app_open,2025-01-02
980,signup,2025-01-05
980,app_open,2025-01-05
981,signup,2025-01-09
982,signup,2025-01-02
982,app_open,2025-01-03
983,signup,2025-01-05
983,app_open,2025-01-05
984,signup,2025-01-05
984,app_open,2025-01-05
984,first_order,2025-01-08
985,signup,2025-01-04
986,signup,2025-01-01
986,app_open,2025-01-01
987,signup,2025-01-08
988,signup,2025-01-05
988,app_open,2025-01-05
989,signup,2025-01-08
989,app_open,2025-01-09
990,signup,2025-01-02
990,app_open,2025-01-03
991,signup,2025-01-08
991,app_open,2025-01-09
991,first_order,2025-01-11
992,signup,2025-01-07
992,app_open,2025-01-08
993,signup,2025-01-05
993,app_open,2025-01-06
994,signup,2025-01-08
994,app_open,2025-01-09
995,signup,2025-01-06
996,signup,2025-01-10
996,app_open,2025-01-10
997,signup,2025-01-06
997,app_open,2025-01-06
998,signup,2025-01-02
998,app_open,2025-01-03
999,signup,2025-01-05
999,app_open,2025-01-06
1000,signup,2025-01-06
